,col1,col2,col3,col4
0,0.7520556046655799,0.23164417966585393,0.7067387833988595,0.5292008950650645
1,0.005499876344261634,0.6960497392559627,0.8926666422270092,0.6848661105002112
2,0.12178706999165301,0.15954694378850598,0.48795625938902354,0.5316511074999746
3,0.8941286025230986,0.467334474085659,0.3264946909104146,0.09308176245989186
4,0.6573336348060679,0.4655626504268887,0.3059876320850159,0.6238491140224315
